id,name,,salary,sex,dept_id,dob,doj
1,John,,50000,M,1,1990-01-01,2015-06-15
2,Jane,,60000,F,2,1985-05-20,2016-07-22
3,Bob,,55000,M,1,1992-09-12,2017-08-30
4,Alice,,70000,F,3,1988-11-03,2018-09-10
5,Charlie,,65000,M,2,1991-12-25,2019-10-05
6,Eve,,72000,F,3,1987-03-14,2020-11-11
7,Frank,,48000,M,1,1993-07-07,2021-12-20
8,Grace,,53000,F,2,1990-02-28,2022-01-15
9,Hank,,58000,M,3,1986-04-18,2023-02-25
10,Ivy,,62000,F,1,1994-06-30,2024-03-30
11,Jack,,59000,M,2,1989-08-08,2025-04-18
12,Kate,,61000,F,3,1991-01-12,2026-05-22
13,Luke,,64000,M,1,1988-02-15,2027-06-30
14,Mia,,67000,F,2,1992-03-18,2028-07-14
15,Nate,,56000,M,3,1987-04-21,2029-08-19
16,Olivia,,73000,F,1,1993-05-24,2030-09-25
17,Paul,,52000,M,2,1989-06-27,2031-10-31
18,Quinn,,68000,F,3,1990-07-30,2032-11-06
19,Ryan,,60000,M,1,1986-08-02,2033-12-12
20,Sara,,71000,F,2,1991-09-05,2034-01-18
21,Tom,,54000,M,3,1988-10-08,2035-02-24
22,Uma,,75000,F,1,1992-11-11,2036-03-31
23,Vic,,57000,M,2,1987-12-14,2037-05-07
24,Wendy,,69000,F,3,1993-01-17,2038-06-13
25,Xander,,63000,M,1,1989-02-20,2039-07-19
26,Yara,,76000,F,2,1990-03-23,2040-08-25
27,Zack,,58000,M,3,1986-04-26,2041-09-30
28,Abby,,72000,F,1,1991-05-29,2042-11-05
29,Ben,,55000,M,2,1988-06-01,2043-12-11
30,Cara,,70000,F,3,1992-07-04,2044-01-17
31,Dan,,62000,M,1,1987-08-07,2045-02-23
32,Ella,,74000,F,2,1993-09-10,2046-03-31
33,Finn,,59000,M,3,1989-10-13,2047-05-07
34,Gina,,67000,F,1,1990-11-16,2048-06-13
35,Harry,,61000,M,2,1986-12-19,2049-07-19
36,Iris,,76000,F,3,1991-01-22,2050-08-25
37,Jon,,57000,M,1,1988-02-25,2051-09-30
38,Kira,,73000,F,2,1992-03-28,2052-11-05
39,Leo,,60000,M,3,1987-04-01,2053-12-11
40,Mona,,75000,F,1,1993-05-04,2054-01-17
41,Nico,,54000,M,2,1989-06-07,2055-02-23
42,Opal,,69000,F,3,1990-07-10,2056-03-31
43,Pete,,63000,M,1,1986-08-13,2057-05-07
44,Quincy,,76000,F,2,1991-09-16,2058-06-13
45,Rita,,58000,F,3,1988-10-19,2059-07-19
46,Sam,,72000,M,1,1992-11-22,2060-08-25
47,Tina,,55000,F,2,1987-12-25,2061-09-30
48,Uri,,70000,M,3,1993-01-28,2062-11-05
49,Vera,,62000,F,1,1989-02-01,2063-12-11
50,Walt,,74000,M,2,1990-03-04,2064-01-17
51,Xena,,59000,F,3,1986-04-07,2065-02-23
52,Yves,,67000,M,1,1991-05-10,2066-03-31
53,Zoe,,61000,F,2,1988-06-13,2067-05-07
54,Adam,,76000,M,3,1992-07-16,2068-06-13
55,Bella,,57000,F,1,1987-08-19,2069-07-19
56,Cody,,73000,M,2,1993-09-22,2070-08-25
57,Dina,,60000,F,3,1989-10-25,2071-09-30
58,Eli,,75000,M,1,1990-11-28,2072-11-05
59,Faye,,54000,F,2,1986-12-31,2073-12-11
60,Gus,,69000,M,3,1991-01-03,2074-01-17
61,Holly,,63000,F,1,1988-02-06,2075-02-23
62,Ian,,76000,M,2,1992-03-09,2076-03-31
63,Jill,,58000,F,3,1987-04-12,2077-05-07
64,Kyle,,72000,M,1,1993-05-15,2078-06-13
65,Lara,,55000,F,2,1989-06-18,2079-07-19
66,Mike,,70000,M,3,1990-07-21,2080-08-25
67,Nina,,62000,F,1,1986-08-24,2081-09-30
68,Omar,,74000,M,2,1991-09-27,2082-11-05
69,Pam,,59000,F,3,1988-10-30,2083-12-11
70,Quinn,,67000,M,1,1992-11-02,2084-01-17
71,Rose,,61000,F,2,1987-12-05,2085-02-23
72,Sean,,76000,M,3,1993-01-08,2086-03-31
73,Tess,,57000,F,1,1989-02-11,2087-05-07
74,Ulric,,73000,M,2,1990-03-14,2088-06-13
75,Viv,,60000,F,3,1986-04-17,2089-07-19
76,Wade,,75000,M,1,1991-05-20,2090-08-25
77,Ximena,,54000,F,2,1988-06-23,2091-09-30
78,Yuri,,69000,M,3,1992-07-26,2092-11-05
79,Zara,,63000,F,1,1987-08-29,2093-12-11
80,Alex,,76000,M,2,1993-09-01,2094-01-17
81,Bree,,58000,F,3,1989-10-04,2095-02-23
82,Carl,,72000,M,1,1990-11-07,2096-03-31
83,Dora,,55000,F,2,1986-12-10,2097-05-07
84,Erik,,70000,M,3,1991-01-13,2098-06-13
85,Fern,,62000,F,1,1988-02-16,2099-07-19
86,Gale,,74000,M,2,1992-03-19,2100-08-25
87,Hank,,59000,F,3,1987-04-22,2101-09-30
88,Ivy,,67000,M,1,1993-05-25,2102-11-05
89,Jude,,61000,F,2,1989-06-28,2103-12-11
90,Kate,,76000,M,3,1990-07-01,2104-01-17
91,Liam,,57000,F,1,1986-08-04,2105-02-23
92,Macy,,73000,M,2,1991-09-07,2106-03-31
93,Nash,,60000,F,3,1988-10-10,2107-05-07
94,Opal,,75000,M,1,1992-11-13,2108-06-13
95,Pia,,54000,F,2,1987-12-16,2109-07-19
96,Quinn,,69000,M,3,1993-01-19,2110-08-25
97,Rick,,63000,F,1,1989-02-22,2111-09-30
98,Sage,,76000,M,2,1990-03-25,2112-11-05
99,Tara,,59000,F,3,1986-04-28,2113-12-11
100,Uma,,67000,M,1,1991-05-01,2114-01-17
101,Vic,,61000,F,2,1988-06-04,2115-02-23
102,Wren,,76000,M,3,1992-07-07,2116-03-31
103,Xena,,57000,F,1,1987-08-10,2117-05-07
104,Yves,,73000,M,2,1993-09-13,2118-06-13
105,Zoe,,60000,F,3,1989-10-16,2119-07-19
106,Adam,,75000,M,1,1990-11-19,2120-08-25
107,Bella,,54000,F,2,1986-12-22,2121-09-30
108,Cody,,69000,M,3,1991-01-25,2122-11-05
109,Dina,,63000,F,1,1988-02-28,2123-12-11
110,Eli,,76000,M,2,1992-03-03,2124-01-17
111,Faye,,58000,F,3,1987-04-06,2125-02-23